38, 23396
0, 23396
0, 23396
0, 23396
0, 23396
0, 23396
0, 23396
0, 23396
0, 23396
0, 23396
0, 23396
0, 23396
0, 23396
0, 23396
0, 23396
0, 23396
0, 23396
0, 23396
0, 23396
0, 23396
0, 23396
0, 23396
0, 23396
0, 23396
0, 23396
0, 23396
0, 23396
0, 23396
0, 23396
0, 23396
0, 23396
0, 23396
0, 23396
0, 23396
0, 23396
0, 23396
0, 23396
0, 23396
0, 23423
0, 23396
0, 23396
0, 23396
0, 23396
98, 23396
100, 23396
100, 23396
100, 23396
100, 23396
100, 23396
100, 23396
100, 23396
100, 23396
100, 23396
100, 23396
100, 23396
100, 23396
100, 23396
100, 23396
100, 23396
100, 23396
100, 23396
100, 23396
100, 23396
100, 23396
100, 23396
100, 23396
100, 23396
100, 23396
100, 23396
100, 23396
100, 23396
100, 23396
100, 23396
100, 23396
100, 23396
100, 23396
100, 23396
100, 23396
100, 23396
100, 23396
100, 23396
100, 23396
100, 23396
100, 23396
100, 23396
100, 23396
100, 23396
100, 23396
100, 23396
100, 23396
100, 23396
100, 23396
100, 23396
100, 23396
100, 23396
100, 23396
100, 23396
100, 23396
100, 23396
100, 23396
